name,fips,state
Autauga,01001,AL
Baldwin,01003,AL
Barbour,01005,AL
Bibb,01007,AL
Blount,01009,AL
Bullock,01011,AL
Butler,01013,AL
Calhoun,01015,AL
Chambers,01017,AL
Cherokee,01019,AL
Chilton,01021,AL
Choctaw,01023,AL
Clarke,01025,AL
Clay,01027,AL
Cleburne,01029,AL
Coffee,01031,AL
Colbert,01033,AL
Conecuh,01035,AL
Coosa,01037,AL
Covington,01039,AL
Crenshaw,01041,AL
Cullman,01043,AL
Dale,01045,AL
Dallas,01047,AL
DeKalb,01049,AL
Elmore,01051,AL
Escambia,01053,AL
Etowah,01055,AL
Fayette,01057,AL
Franklin,01059,AL
Geneva,01061,AL
Greene,01063,AL
Hale,01065,AL
Henry,01067,AL
Houston,01069,AL
Jackson,01071,AL
Jefferson,01073,AL
Lamar,01075,AL
Lauderdale,01077,AL
Lawrence,01079,AL
Lee,01081,AL
Limestone,01083,AL
Lowndes,01085,AL
Macon,01087,AL
Madison,01089,AL
Marengo,01091,AL
Marion,01093,AL
Marshall,01095,AL
Mobile,01097,AL
Monroe,01099,AL
Montgomery,01101,AL
Morgan,01103,AL
Perry,01105,AL
Pickens,01107,AL
Pike,01109,AL
Randolph,01111,AL
Russell,01113,AL
St. Clair,01115,AL
Shelby,01117,AL
Sumter,01119,AL
Talladega,01121,AL
Tallapoosa,01123,AL
Tuscaloosa,01125,AL
Walker,01127,AL
Washington,01129,AL
Wilcox,01131,AL
Winston,01133,AL
Aleutians East Borough,02013,AK
Aleutians West Census Area,02016,AK
Anchorage Municipality,02020,AK
Bethel Census Area,02050,AK
Bristol Bay Borough,02060,AK
Denali Borough,02068,AK
Dillingham Census Area,02070,AK
Fairbanks North Star Borough,02090,AK
Haines Borough,02100,AK
Hoonah-Angoon Census Area,02105,AK
Juneau City and Borough,02110,AK
Kenai Peninsula Borough,02122,AK
Ketchikan Gateway Borough,02130,AK
Kodiak Island Borough,02150,AK
Lake and Peninsula Borough,02164,AK
Matanuska-Susitna Borough,02170,AK
Nome Census Area,02180,AK
North Slope Borough,02185,AK
Northwest Arctic Borough,02188,AK
Petersburg Borough,02195,AK
Prince of Wales-Hyder Census Area,02198,AK
Sitka City and Borough,02220,AK
Skagway Municipality,02230,AK
Southeast Fairbanks Census Area,02240,AK
Valdez-Cordova Census Area,02261,AK
Wade Hampton Census Area,02270,AK
Wrangell City and Borough,02275,AK
Yakutat City and Borough,02282,AK
Yukon-Koyukuk Census Area,02290,AK
Apache,04001,AZ
Cochise,04003,AZ
Coconino,04005,AZ
Gila,04007,AZ
Graham,04009,AZ
Greenlee,04011,AZ
La Paz,04012,AZ
Maricopa,04013,AZ
Mohave,04015,AZ
Navajo,04017,AZ
Pima,04019,AZ
Pinal,04021,AZ
Santa Cruz,04023,AZ
Yavapai,04025,AZ
Yuma,04027,AZ
Arkansas,05001,AR
Ashley,05003,AR
Baxter,05005,AR
Benton,05007,AR
Boone,05009,AR
Bradley,05011,AR
Calhoun,05013,AR
Carroll,05015,AR
Chicot,05017,AR
Clark,05019,AR
Clay,05021,AR
Cleburne,05023,AR
Cleveland,05025,AR
Columbia,05027,AR
Conway,05029,AR
Craighead,05031,AR
Crawford,05033,AR
Crittenden,05035,AR
Cross,05037,AR
Dallas,05039,AR
Desha,05041,AR
Drew,05043,AR
Faulkner,05045,AR
Franklin,05047,AR
Fulton,05049,AR
Garland,05051,AR
Grant,05053,AR
Greene,05055,AR
Hempstead,05057,AR
Hot Spring,05059,AR
Howard,05061,AR
Independence,05063,AR
Izard,05065,AR
Jackson,05067,AR
Jefferson,05069,AR
Johnson,05071,AR
Lafayette,05073,AR
Lawrence,05075,AR
Lee,05077,AR
Lincoln,05079,AR
Little River,05081,AR
Logan,05083,AR
Lonoke,05085,AR
Madison,05087,AR
Marion,05089,AR
Miller,05091,AR
Mississippi,05093,AR
Monroe,05095,AR
Montgomery,05097,AR
Nevada,05099,AR
Newton,05101,AR
Ouachita,05103,AR
Perry,05105,AR
Phillips,05107,AR
Pike,05109,AR
Poinsett,05111,AR
Polk,05113,AR
Pope,05115,AR
Prairie,05117,AR
Pulaski,05119,AR
Randolph,05121,AR
St. Francis,05123,AR
Saline,05125,AR
Scott,05127,AR
Searcy,05129,AR
Sebastian,05131,AR
Sevier,05133,AR
Sharp,05135,AR
Stone,05137,AR
Union,05139,AR
Van Buren,05141,AR
Washington,05143,AR
White,05145,AR
Woodruff,05147,AR
Yell,05149,AR
Alameda,06001,CA
Alpine,06003,CA
Amador,06005,CA
Butte,06007,CA
Calaveras,06009,CA
Colusa,06011,CA
Contra Costa,06013,CA
Del Norte,06015,CA
El Dorado,06017,CA
Fresno,06019,CA
Glenn,06021,CA
Humboldt,06023,CA
Imperial,06025,CA
Inyo,06027,CA
Kern,06029,CA
Kings,06031,CA
Lake,06033,CA
Lassen,06035,CA
Los Angeles,06037,CA
Madera,06039,CA
Marin,06041,CA
Mariposa,06043,CA
Mendocino,06045,CA
Merced,06047,CA
Modoc,06049,CA
Mono,06051,CA
Monterey,06053,CA
Napa,06055,CA
Nevada,06057,CA
Orange,06059,CA
Placer,06061,CA
Plumas,06063,CA
Riverside,06065,CA
Sacramento,06067,CA
San Benito,06069,CA
San Bernardino,06071,CA
San Diego,06073,CA
San Francisco,06075,CA
San Joaquin,06077,CA
San Luis Obispo,06079,CA
San Mateo,06081,CA
Santa Barbara,06083,CA
Santa Clara,06085,CA
Santa Cruz,06087,CA
Shasta,06089,CA
Sierra,06091,CA
Siskiyou,06093,CA
Solano,06095,CA
Sonoma,06097,CA
Stanislaus,06099,CA
Sutter,06101,CA
Tehama,06103,CA
Trinity,06105,CA
Tulare,06107,CA
Tuolumne,06109,CA
Ventura,06111,CA
Yolo,06113,CA
Yuba,06115,CA
Adams,08001,CO
Alamosa,08003,CO
Arapahoe,08005,CO
Archuleta,08007,CO
Baca,08009,CO
Bent,08011,CO
Boulder,08013,CO
Broomfield,08014,CO
Chaffee,08015,CO
Cheyenne,08017,CO
Clear Creek,08019,CO
Conejos,08021,CO
Costilla,08023,CO
Crowley,08025,CO
Custer,08027,CO
Delta,08029,CO
Denver,08031,CO
Dolores,08033,CO
Douglas,08035,CO
Eagle,08037,CO
Elbert,08039,CO
El Paso,08041,CO
Fremont,08043,CO
Garfield,08045,CO
Gilpin,08047,CO
Grand,08049,CO
Gunnison,08051,CO
Hinsdale,08053,CO
Huerfano,08055,CO
Jackson,08057,CO
Jefferson,08059,CO
Kiowa,08061,CO
Kit Carson,08063,CO
Lake,08065,CO
La Plata,08067,CO
Larimer,08069,CO
Las Animas,08071,CO
Lincoln,08073,CO
Logan,08075,CO
Mesa,08077,CO
Mineral,08079,CO
Moffat,08081,CO
Montezuma,08083,CO
Montrose,08085,CO
Morgan,08087,CO
Otero,08089,CO
Ouray,08091,CO
Park,08093,CO
Phillips,08095,CO
Pitkin,08097,CO
Prowers,08099,CO
Pueblo,08101,CO
Rio Blanco,08103,CO
Rio Grande,08105,CO
Routt,08107,CO
Saguache,08109,CO
San Juan,08111,CO
San Miguel,08113,CO
Sedgwick,08115,CO
Summit,08117,CO
Teller,08119,CO
Washington,08121,CO
Weld,08123,CO
Yuma,08125,CO
Fairfield,09001,CT
Hartford,09003,CT
Litchfield,09005,CT
Middlesex,09007,CT
New Haven,09009,CT
New London,09011,CT
Tolland,09013,CT
Windham,09015,CT
Kent,10001,DE
New Castle,10003,DE
Sussex,10005,DE
District of Columbia,11001,DC
Alachua,12001,FL
Baker,12003,FL
Bay,12005,FL
Bradford,12007,FL
Brevard,12009,FL
Broward,12011,FL
Calhoun,12013,FL
Charlotte,12015,FL
Citrus,12017,FL
Clay,12019,FL
Collier,12021,FL
Columbia,12023,FL
DeSoto,12027,FL
Dixie,12029,FL
Duval,12031,FL
Escambia,12033,FL
Flagler,12035,FL
Franklin,12037,FL
Gadsden,12039,FL
Gilchrist,12041,FL
Glades,12043,FL
Gulf,12045,FL
Hamilton,12047,FL
Hardee,12049,FL
Hendry,12051,FL
Hernando,12053,FL
Highlands,12055,FL
Hillsborough,12057,FL
Holmes,12059,FL
Indian River,12061,FL
Jackson,12063,FL
Jefferson,12065,FL
Lafayette,12067,FL
Lake,12069,FL
Lee,12071,FL
Leon,12073,FL
Levy,12075,FL
Liberty,12077,FL
Madison,12079,FL
Manatee,12081,FL
Marion,12083,FL
Martin,12085,FL
Miami-Dade,12086,FL
Monroe,12087,FL
Nassau,12089,FL
Okaloosa,12091,FL
Okeechobee,12093,FL
Orange,12095,FL
Osceola,12097,FL
Palm Beach,12099,FL
Pasco,12101,FL
Pinellas,12103,FL
Polk,12105,FL
Putnam,12107,FL
St. Johns,12109,FL
St. Lucie,12111,FL
Santa Rosa,12113,FL
Sarasota,12115,FL
Seminole,12117,FL
Sumter,12119,FL
Suwannee,12121,FL
Taylor,12123,FL
Union,12125,FL
Volusia,12127,FL
Wakulla,12129,FL
Walton,12131,FL
Washington,12133,FL
Appling,13001,GA
Atkinson,13003,GA
Bacon,13005,GA
Baker,13007,GA
Baldwin,13009,GA
Banks,13011,GA
Barrow,13013,GA
Bartow,13015,GA
Ben Hill,13017,GA
Berrien,13019,GA
Bibb,13021,GA
Bleckley,13023,GA
Brantley,13025,GA
Brooks,13027,GA
Bryan,13029,GA
Bulloch,13031,GA
Burke,13033,GA
Butts,13035,GA
Calhoun,13037,GA
Camden,13039,GA
Candler,13043,GA
Carroll,13045,GA
Catoosa,13047,GA
Charlton,13049,GA
Chatham,13051,GA
Chattahoochee,13053,GA
Chattooga,13055,GA
Cherokee,13057,GA
Clarke,13059,GA
Clay,13061,GA
Clayton,13063,GA
Clinch,13065,GA
Cobb,13067,GA
Coffee,13069,GA
Colquitt,13071,GA
Columbia,13073,GA
Cook,13075,GA
Coweta,13077,GA
Crawford,13079,GA
Crisp,13081,GA
Dade,13083,GA
Dawson,13085,GA
Decatur,13087,GA
DeKalb,13089,GA
Dodge,13091,GA
Dooly,13093,GA
Dougherty,13095,GA
Douglas,13097,GA
Early,13099,GA
Echols,13101,GA
Effingham,13103,GA
Elbert,13105,GA
Emanuel,13107,GA
Evans,13109,GA
Fannin,13111,GA
Fayette,13113,GA
Floyd,13115,GA
Forsyth,13117,GA
Franklin,13119,GA
Fulton,13121,GA
Gilmer,13123,GA
Glascock,13125,GA
Glynn,13127,GA
Gordon,13129,GA
Grady,13131,GA
Greene,13133,GA
Gwinnett,13135,GA
Habersham,13137,GA
Hall,13139,GA
Hancock,13141,GA
Haralson,13143,GA
Harris,13145,GA
Hart,13147,GA
Heard,13149,GA
Henry,13151,GA
Houston,13153,GA
Irwin,13155,GA
Jackson,13157,GA
Jasper,13159,GA
Jeff Davis,13161,GA
Jefferson,13163,GA
Jenkins,13165,GA
Johnson,13167,GA
Jones,13169,GA
Lamar,13171,GA
Lanier,13173,GA
Laurens,13175,GA
Lee,13177,GA
Liberty,13179,GA
Lincoln,13181,GA
Long,13183,GA
Lowndes,13185,GA
Lumpkin,13187,GA
McDuffie,13189,GA
McIntosh,13191,GA
Macon,13193,GA
Madison,13195,GA
Marion,13197,GA
Meriwether,13199,GA
Miller,13201,GA
Mitchell,13205,GA
Monroe,13207,GA
Montgomery,13209,GA
Morgan,13211,GA
Murray,13213,GA
Muscogee,13215,GA
Newton,13217,GA
Oconee,13219,GA
Oglethorpe,13221,GA
Paulding,13223,GA
Peach,13225,GA
Pickens,13227,GA
Pierce,13229,GA
Pike,13231,GA
Polk,13233,GA
Pulaski,13235,GA
Putnam,13237,GA
Quitman,13239,GA
Rabun,13241,GA
Randolph,13243,GA
Richmond,13245,GA
Rockdale,13247,GA
Schley,13249,GA
Screven,13251,GA
Seminole,13253,GA
Spalding,13255,GA
Stephens,13257,GA
Stewart,13259,GA
Sumter,13261,GA
Talbot,13263,GA
Taliaferro,13265,GA
Tattnall,13267,GA
Taylor,13269,GA
Telfair,13271,GA
Terrell,13273,GA
Thomas,13275,GA
Tift,13277,GA
Toombs,13279,GA
Towns,13281,GA
Treutlen,13283,GA
Troup,13285,GA
Turner,13287,GA
Twiggs,13289,GA
Union,13291,GA
Upson,13293,GA
Walker,13295,GA
Walton,13297,GA
Ware,13299,GA
Warren,13301,GA
Washington,13303,GA
Wayne,13305,GA
Webster,13307,GA
Wheeler,13309,GA
White,13311,GA
Whitfield,13313,GA
Wilcox,13315,GA
Wilkes,13317,GA
Wilkinson,13319,GA
Worth,13321,GA
Hawaii,15001,HI
Honolulu,15003,HI
Kalawao,15005,HI
Kauai,15007,HI
Maui,15009,HI
Ada,16001,ID
Adams,16003,ID
Bannock,16005,ID
Bear Lake,16007,ID
Benewah,16009,ID
Bingham,16011,ID
Blaine,16013,ID
Boise,16015,ID
Bonner,16017,ID
Bonneville,16019,ID
Boundary,16021,ID
Butte,16023,ID
Camas,16025,ID
Canyon,16027,ID
Caribou,16029,ID
Cassia,16031,ID
Clark,16033,ID
Clearwater,16035,ID
Custer,16037,ID
Elmore,16039,ID
Franklin,16041,ID
Fremont,16043,ID
Gem,16045,ID
Gooding,16047,ID
Idaho,16049,ID
Jefferson,16051,ID
Jerome,16053,ID
Kootenai,16055,ID
Latah,16057,ID
Lemhi,16059,ID
Lewis,16061,ID
Lincoln,16063,ID
Madison,16065,ID
Minidoka,16067,ID
Nez Perce,16069,ID
Oneida,16071,ID
Owyhee,16073,ID
Payette,16075,ID
Power,16077,ID
Shoshone,16079,ID
Teton,16081,ID
Twin Falls,16083,ID
Valley,16085,ID
Washington,16087,ID
Adams,17001,IL
Alexander,17003,IL
Bond,17005,IL
Boone,17007,IL
Brown,17009,IL
Bureau,17011,IL
Calhoun,17013,IL
Carroll,17015,IL
Cass,17017,IL
Champaign,17019,IL
Christian,17021,IL
Clark,17023,IL
Clay,17025,IL
Clinton,17027,IL
Coles,17029,IL
Cook,17031,IL
Crawford,17033,IL
Cumberland,17035,IL
DeKalb,17037,IL
De Witt,17039,IL
Douglas,17041,IL
DuPage,17043,IL
Edgar,17045,IL
Edwards,17047,IL
Effingham,17049,IL
Fayette,17051,IL
Ford,17053,IL
Franklin,17055,IL
Fulton,17057,IL
Gallatin,17059,IL
Greene,17061,IL
Grundy,17063,IL
Hamilton,17065,IL
Hancock,17067,IL
Hardin,17069,IL
Henderson,17071,IL
Henry,17073,IL
Iroquois,17075,IL
Jackson,17077,IL
Jasper,17079,IL
Jefferson,17081,IL
Jersey,17083,IL
Jo Daviess,17085,IL
Johnson,17087,IL
Kane,17089,IL
Kankakee,17091,IL
Kendall,17093,IL
Knox,17095,IL
Lake,17097,IL
LaSalle,17099,IL
Lawrence,17101,IL
Lee,17103,IL
Livingston,17105,IL
Logan,17107,IL
McDonough,17109,IL
McHenry,17111,IL
McLean,17113,IL
Macon,17115,IL
Macoupin,17117,IL
Madison,17119,IL
Marion,17121,IL
Marshall,17123,IL
Mason,17125,IL
Massac,17127,IL
Menard,17129,IL
Mercer,17131,IL
Monroe,17133,IL
Montgomery,17135,IL
Morgan,17137,IL
Moultrie,17139,IL
Ogle,17141,IL
Peoria,17143,IL
Perry,17145,IL
Piatt,17147,IL
Pike,17149,IL
Pope,17151,IL
Pulaski,17153,IL
Putnam,17155,IL
Randolph,17157,IL
Richland,17159,IL
Rock Island,17161,IL
St. Clair,17163,IL
Saline,17165,IL
Sangamon,17167,IL
Schuyler,17169,IL
Scott,17171,IL
Shelby,17173,IL
Stark,17175,IL
Stephenson,17177,IL
Tazewell,17179,IL
Union,17181,IL
Vermilion,17183,IL
Wabash,17185,IL
Warren,17187,IL
Washington,17189,IL
Wayne,17191,IL
White,17193,IL
Whiteside,17195,IL
Will,17197,IL
Williamson,17199,IL
Winnebago,17201,IL
Woodford,17203,IL
Adams,18001,IN
Allen,18003,IN
Bartholomew,18005,IN
Benton,18007,IN
Blackford,18009,IN
Boone,18011,IN
Brown,18013,IN
Carroll,18015,IN
Cass,18017,IN
Clark,18019,IN
Clay,18021,IN
Clinton,18023,IN
Crawford,18025,IN
Daviess,18027,IN
Dearborn,18029,IN
Decatur,18031,IN
DeKalb,18033,IN
Delaware,18035,IN
Dubois,18037,IN
Elkhart,18039,IN
Fayette,18041,IN
Floyd,18043,IN
Fountain,18045,IN
Franklin,18047,IN
Fulton,18049,IN
Gibson,18051,IN
Grant,18053,IN
Greene,18055,IN
Hamilton,18057,IN
Hancock,18059,IN
Harrison,18061,IN
Hendricks,18063,IN
Henry,18065,IN
Howard,18067,IN
Huntington,18069,IN
Jackson,18071,IN
Jasper,18073,IN
Jay,18075,IN
Jefferson,18077,IN
Jennings,18079,IN
Johnson,18081,IN
Knox,18083,IN
Kosciusko,18085,IN
LaGrange,18087,IN
Lake,18089,IN
LaPorte,18091,IN
Lawrence,18093,IN
Madison,18095,IN
Marion,18097,IN
Marshall,18099,IN
Martin,18101,IN
Miami,18103,IN
Monroe,18105,IN
Montgomery,18107,IN
Morgan,18109,IN
Newton,18111,IN
Noble,18113,IN
Ohio,18115,IN
Orange,18117,IN
Owen,18119,IN
Parke,18121,IN
Perry,18123,IN
Pike,18125,IN
Porter,18127,IN
Posey,18129,IN
Pulaski,18131,IN
Putnam,18133,IN
Randolph,18135,IN
Ripley,18137,IN
Rush,18139,IN
St. Joseph,18141,IN
Scott,18143,IN
Shelby,18145,IN
Spencer,18147,IN
Starke,18149,IN
Steuben,18151,IN
Sullivan,18153,IN
Switzerland,18155,IN
Tippecanoe,18157,IN
Tipton,18159,IN
Union,18161,IN
Vanderburgh,18163,IN
Vermillion,18165,IN
Vigo,18167,IN
Wabash,18169,IN
Warren,18171,IN
Warrick,18173,IN
Washington,18175,IN
Wayne,18177,IN
Wells,18179,IN
White,18181,IN
Whitley,18183,IN
Adair,19001,IA
Adams,19003,IA
Allamakee,19005,IA
Appanoose,19007,IA
Audubon,19009,IA
Benton,19011,IA
Black Hawk,19013,IA
Boone,19015,IA
Bremer,19017,IA
Buchanan,19019,IA
Buena Vista,19021,IA
Butler,19023,IA
Calhoun,19025,IA
Carroll,19027,IA
Cass,19029,IA
Cedar,19031,IA
Cerro Gordo,19033,IA
Cherokee,19035,IA
Chickasaw,19037,IA
Clarke,19039,IA
Clay,19041,IA
Clayton,19043,IA
Clinton,19045,IA
Crawford,19047,IA
Dallas,19049,IA
Davis,19051,IA
Decatur,19053,IA
Delaware,19055,IA
Des Moines,19057,IA
Dickinson,19059,IA
Dubuque,19061,IA
Emmet,19063,IA
Fayette,19065,IA
Floyd,19067,IA
Franklin,19069,IA
Fremont,19071,IA
Greene,19073,IA
Grundy,19075,IA
Guthrie,19077,IA
Hamilton,19079,IA
Hancock,19081,IA
Hardin,19083,IA
Harrison,19085,IA
Henry,19087,IA
Howard,19089,IA
Humboldt,19091,IA
Ida,19093,IA
Iowa,19095,IA
Jackson,19097,IA
Jasper,19099,IA
Jefferson,19101,IA
Johnson,19103,IA
Jones,19105,IA
Keokuk,19107,IA
Kossuth,19109,IA
Lee,19111,IA
Linn,19113,IA
Louisa,19115,IA
Lucas,19117,IA
Lyon,19119,IA
Madison,19121,IA
Mahaska,19123,IA
Marion,19125,IA
Marshall,19127,IA
Mills,19129,IA
Mitchell,19131,IA
Monona,19133,IA
Monroe,19135,IA
Montgomery,19137,IA
Muscatine,19139,IA
O'Brien,19141,IA
Osceola,19143,IA
Page,19145,IA
Palo Alto,19147,IA
Plymouth,19149,IA
Pocahontas,19151,IA
Polk,19153,IA
Pottawattamie,19155,IA
Poweshiek,19157,IA
Ringgold,19159,IA
Sac,19161,IA
Scott,19163,IA
Shelby,19165,IA
Sioux,19167,IA
Story,19169,IA
Tama,19171,IA
Taylor,19173,IA
Union,19175,IA
Van Buren,19177,IA
Wapello,19179,IA
Warren,19181,IA
Washington,19183,IA
Wayne,19185,IA
Webster,19187,IA
Winnebago,19189,IA
Winneshiek,19191,IA
Woodbury,19193,IA
Worth,19195,IA
Wright,19197,IA
Allen,20001,KS
Anderson,20003,KS
Atchison,20005,KS
Barber,20007,KS
Barton,20009,KS
Bourbon,20011,KS
Brown,20013,KS
Butler,20015,KS
Chase,20017,KS
Chautauqua,20019,KS
Cherokee,20021,KS
Cheyenne,20023,KS
Clark,20025,KS
Clay,20027,KS
Cloud,20029,KS
Coffey,20031,KS
Comanche,20033,KS
Cowley,20035,KS
Crawford,20037,KS
Decatur,20039,KS
Dickinson,20041,KS
Doniphan,20043,KS
Douglas,20045,KS
Edwards,20047,KS
Elk,20049,KS
Ellis,20051,KS
Ellsworth,20053,KS
Finney,20055,KS
Ford,20057,KS
Franklin,20059,KS
Geary,20061,KS
Gove,20063,KS
Graham,20065,KS
Grant,20067,KS
Gray,20069,KS
Greeley,20071,KS
Greenwood,20073,KS
Hamilton,20075,KS
Harper,20077,KS
Harvey,20079,KS
Haskell,20081,KS
Hodgeman,20083,KS
Jackson,20085,KS
Jefferson,20087,KS
Jewell,20089,KS
Johnson,20091,KS
Kearny,20093,KS
Kingman,20095,KS
Kiowa,20097,KS
Labette,20099,KS
Lane,20101,KS
Leavenworth,20103,KS
Lincoln,20105,KS
Linn,20107,KS
Logan,20109,KS
Lyon,20111,KS
McPherson,20113,KS
Marion,20115,KS
Marshall,20117,KS
Meade,20119,KS
Miami,20121,KS
Mitchell,20123,KS
Montgomery,20125,KS
Morris,20127,KS
Morton,20129,KS
Nemaha,20131,KS
Neosho,20133,KS
Ness,20135,KS
Norton,20137,KS
Osage,20139,KS
Osborne,20141,KS
Ottawa,20143,KS
Pawnee,20145,KS
Phillips,20147,KS
Pottawatomie,20149,KS
Pratt,20151,KS
Rawlins,20153,KS
Reno,20155,KS
Republic,20157,KS
Rice,20159,KS
Riley,20161,KS
Rooks,20163,KS
Rush,20165,KS
Russell,20167,KS
Saline,20169,KS
Scott,20171,KS
Sedgwick,20173,KS
Seward,20175,KS
Shawnee,20177,KS
Sheridan,20179,KS
Sherman,20181,KS
Smith,20183,KS
Stafford,20185,KS
Stanton,20187,KS
Stevens,20189,KS
Sumner,20191,KS
Thomas,20193,KS
Trego,20195,KS
Wabaunsee,20197,KS
Wallace,20199,KS
Washington,20201,KS
Wichita,20203,KS
Wilson,20205,KS
Woodson,20207,KS
Wyandotte,20209,KS
Adair,21001,KY
Allen,21003,KY
Anderson,21005,KY
Ballard,21007,KY
Barren,21009,KY
Bath,21011,KY
Bell,21013,KY
Boone,21015,KY
Bourbon,21017,KY
Boyd,21019,KY
Boyle,21021,KY
Bracken,21023,KY
Breathitt,21025,KY
Breckinridge,21027,KY
Bullitt,21029,KY
Butler,21031,KY
Caldwell,21033,KY
Calloway,21035,KY
Campbell,21037,KY
Carlisle,21039,KY
Carroll,21041,KY
Carter,21043,KY
Casey,21045,KY
Christian,21047,KY
Clark,21049,KY
Clay,21051,KY
Clinton,21053,KY
Crittenden,21055,KY
Cumberland,21057,KY
Daviess,21059,KY
Edmonson,21061,KY
Elliott,21063,KY
Estill,21065,KY
Fayette,21067,KY
Fleming,21069,KY
Floyd,21071,KY
Franklin,21073,KY
Fulton,21075,KY
Gallatin,21077,KY
Garrard,21079,KY
Grant,21081,KY
Graves,21083,KY
Grayson,21085,KY
Green,21087,KY
Greenup,21089,KY
Hancock,21091,KY
Hardin,21093,KY
Harlan,21095,KY
Harrison,21097,KY
Hart,21099,KY
Henderson,21101,KY
Henry,21103,KY
Hickman,21105,KY
Hopkins,21107,KY
Jackson,21109,KY
Jefferson,21111,KY
Jessamine,21113,KY
Johnson,21115,KY
Kenton,21117,KY
Knott,21119,KY
Knox,21121,KY
Larue,21123,KY
Laurel,21125,KY
Lawrence,21127,KY
Lee,21129,KY
Leslie,21131,KY
Letcher,21133,KY
Lewis,21135,KY
Lincoln,21137,KY
Livingston,21139,KY
Logan,21141,KY
Lyon,21143,KY
McCracken,21145,KY
McCreary,21147,KY
McLean,21149,KY
Madison,21151,KY
Magoffin,21153,KY
Marion,21155,KY
Marshall,21157,KY
Martin,21159,KY
Mason,21161,KY
Meade,21163,KY
Menifee,21165,KY
Mercer,21167,KY
Metcalfe,21169,KY
Monroe,21171,KY
Montgomery,21173,KY
Morgan,21175,KY
Muhlenberg,21177,KY
Nelson,21179,KY
Nicholas,21181,KY
Ohio,21183,KY
Oldham,21185,KY
Owen,21187,KY
Owsley,21189,KY
Pendleton,21191,KY
Perry,21193,KY
Pike,21195,KY
Powell,21197,KY
Pulaski,21199,KY
Robertson,21201,KY
Rockcastle,21203,KY
Rowan,21205,KY
Russell,21207,KY
Scott,21209,KY
Shelby,21211,KY
Simpson,21213,KY
Spencer,21215,KY
Taylor,21217,KY
Todd,21219,KY
Trigg,21221,KY
Trimble,21223,KY
Union,21225,KY
Warren,21227,KY
Washington,21229,KY
Wayne,21231,KY
Webster,21233,KY
Whitley,21235,KY
Wolfe,21237,KY
Woodford,21239,KY
Acadia Parish,22001,LA
Allen Parish,22003,LA
Ascension Parish,22005,LA
Assumption Parish,22007,LA
Avoyelles Parish,22009,LA
Beauregard Parish,22011,LA
Bienville Parish,22013,LA
Bossier Parish,22015,LA
Caddo Parish,22017,LA
Calcasieu Parish,22019,LA
Caldwell Parish,22021,LA
Cameron Parish,22023,LA
Catahoula Parish,22025,LA
Claiborne Parish,22027,LA
Concordia Parish,22029,LA
De Soto Parish,22031,LA
East Baton Rouge Parish,22033,LA
East Carroll Parish,22035,LA
East Feliciana Parish,22037,LA
Evangeline Parish,22039,LA
Franklin Parish,22041,LA
Grant Parish,22043,LA
Iberia Parish,22045,LA
Iberville Parish,22047,LA
Jackson Parish,22049,LA
Jefferson Parish,22051,LA
Jefferson Davis Parish,22053,LA
Lafayette Parish,22055,LA
Lafourche Parish,22057,LA
La Salle Parish,22059,LA
Lincoln Parish,22061,LA
Livingston Parish,22063,LA
Madison Parish,22065,LA
Morehouse Parish,22067,LA
Natchitoches Parish,22069,LA
Orleans Parish,22071,LA
Ouachita Parish,22073,LA
Plaquemines Parish,22075,LA
Pointe Coupee Parish,22077,LA
Rapides Parish,22079,LA
Red River Parish,22081,LA
Richland Parish,22083,LA
Sabine Parish,22085,LA
St. Bernard Parish,22087,LA
St. Charles Parish,22089,LA
St. Helena Parish,22091,LA
St. James Parish,22093,LA
St. John the Baptist Parish,22095,LA
St. Landry Parish,22097,LA
St. Martin Parish,22099,LA
St. Mary Parish,22101,LA
St. Tammany Parish,22103,LA
Tangipahoa Parish,22105,LA
Tensas Parish,22107,LA
Terrebonne Parish,22109,LA
Union Parish,22111,LA
Vermilion Parish,22113,LA
Vernon Parish,22115,LA
Washington Parish,22117,LA
Webster Parish,22119,LA
West Baton Rouge Parish,22121,LA
West Carroll Parish,22123,LA
West Feliciana Parish,22125,LA
Winn Parish,22127,LA
Androscoggin,23001,ME
Aroostook,23003,ME
Cumberland,23005,ME
Franklin,23007,ME
Hancock,23009,ME
Kennebec,23011,ME
Knox,23013,ME
Lincoln,23015,ME
Oxford,23017,ME
Penobscot,23019,ME
Piscataquis,23021,ME
Sagadahoc,23023,ME
Somerset,23025,ME
Waldo,23027,ME
Washington,23029,ME
York,23031,ME
Allegany,24001,MD
Anne Arundel,24003,MD
Baltimore,24005,MD
Calvert,24009,MD
Caroline,24011,MD
Carroll,24013,MD
Cecil,24015,MD
Charles,24017,MD
Dorchester,24019,MD
Frederick,24021,MD
Garrett,24023,MD
Harford,24025,MD
Howard,24027,MD
Kent,24029,MD
Montgomery,24031,MD
Prince George's,24033,MD
Queen Anne's,24035,MD
St. Mary's,24037,MD
Somerset,24039,MD
Talbot,24041,MD
Washington,24043,MD
Wicomico,24045,MD
Worcester,24047,MD
Baltimore city,24510,MD
Barnstable,25001,MA
Berkshire,25003,MA
Bristol,25005,MA
Dukes,25007,MA
Essex,25009,MA
Franklin,25011,MA
Hampden,25013,MA
Hampshire,25015,MA
Middlesex,25017,MA
Nantucket,25019,MA
Norfolk,25021,MA
Plymouth,25023,MA
Suffolk,25025,MA
Worcester,25027,MA
Alcona,26001,MI
Alger,26003,MI
Allegan,26005,MI
Alpena,26007,MI
Antrim,26009,MI
Arenac,26011,MI
Baraga,26013,MI
Barry,26015,MI
Bay,26017,MI
Benzie,26019,MI
Berrien,26021,MI
Branch,26023,MI
Calhoun,26025,MI
Cass,26027,MI
Charlevoix,26029,MI
Cheboygan,26031,MI
Chippewa,26033,MI
Clare,26035,MI
Clinton,26037,MI
Crawford,26039,MI
Delta,26041,MI
Dickinson,26043,MI
Eaton,26045,MI
Emmet,26047,MI
Genesee,26049,MI
Gladwin,26051,MI
Gogebic,26053,MI
Grand Traverse,26055,MI
Gratiot,26057,MI
Hillsdale,26059,MI
Houghton,26061,MI
Huron,26063,MI
Ingham,26065,MI
Ionia,26067,MI
Iosco,26069,MI
Iron,26071,MI
Isabella,26073,MI
Jackson,26075,MI
Kalamazoo,26077,MI
Kalkaska,26079,MI
Kent,26081,MI
Keweenaw,26083,MI
Lake,26085,MI
Lapeer,26087,MI
Leelanau,26089,MI
Lenawee,26091,MI
Livingston,26093,MI
Luce,26095,MI
Mackinac,26097,MI
Macomb,26099,MI
Manistee,26101,MI
Marquette,26103,MI
Mason,26105,MI
Mecosta,26107,MI
Menominee,26109,MI
Midland,26111,MI
Missaukee,26113,MI
Monroe,26115,MI
Montcalm,26117,MI
Montmorency,26119,MI
Muskegon,26121,MI
Newaygo,26123,MI
Oakland,26125,MI
Oceana,26127,MI
Ogemaw,26129,MI
Ontonagon,26131,MI
Osceola,26133,MI
Oscoda,26135,MI
Otsego,26137,MI
Ottawa,26139,MI
Presque Isle,26141,MI
Roscommon,26143,MI
Saginaw,26145,MI
St. Clair,26147,MI
St. Joseph,26149,MI
Sanilac,26151,MI
Schoolcraft,26153,MI
Shiawassee,26155,MI
Tuscola,26157,MI
Van Buren,26159,MI
Washtenaw,26161,MI
Wayne,26163,MI
Wexford,26165,MI
Aitkin,27001,MN
Anoka,27003,MN
Becker,27005,MN
Beltrami,27007,MN
Benton,27009,MN
Big Stone,27011,MN
Blue Earth,27013,MN
Brown,27015,MN
Carlton,27017,MN
Carver,27019,MN
Cass,27021,MN
Chippewa,27023,MN
Chisago,27025,MN
Clay,27027,MN
Clearwater,27029,MN
Cook,27031,MN
Cottonwood,27033,MN
Crow Wing,27035,MN
Dakota,27037,MN
Dodge,27039,MN
Douglas,27041,MN
Faribault,27043,MN
Fillmore,27045,MN
Freeborn,27047,MN
Goodhue,27049,MN
Grant,27051,MN
Hennepin,27053,MN
Houston,27055,MN
Hubbard,27057,MN
Isanti,27059,MN
Itasca,27061,MN
Jackson,27063,MN
Kanabec,27065,MN
Kandiyohi,27067,MN
Kittson,27069,MN
Koochiching,27071,MN
Lac qui Parle,27073,MN
Lake,27075,MN
Lake of the Woods,27077,MN
Le Sueur,27079,MN
Lincoln,27081,MN
Lyon,27083,MN
McLeod,27085,MN
Mahnomen,27087,MN
Marshall,27089,MN
Martin,27091,MN
Meeker,27093,MN
Mille Lacs,27095,MN
Morrison,27097,MN
Mower,27099,MN
Murray,27101,MN
Nicollet,27103,MN
Nobles,27105,MN
Norman,27107,MN
Olmsted,27109,MN
Otter Tail,27111,MN
Pennington,27113,MN
Pine,27115,MN
Pipestone,27117,MN
Polk,27119,MN
Pope,27121,MN
Ramsey,27123,MN
Red Lake,27125,MN
Redwood,27127,MN
Renville,27129,MN
Rice,27131,MN
Rock,27133,MN
Roseau,27135,MN
St. Louis,27137,MN
Scott,27139,MN
Sherburne,27141,MN
Sibley,27143,MN
Stearns,27145,MN
Steele,27147,MN
Stevens,27149,MN
Swift,27151,MN
Todd,27153,MN
Traverse,27155,MN
Wabasha,27157,MN
Wadena,27159,MN
Waseca,27161,MN
Washington,27163,MN
Watonwan,27165,MN
Wilkin,27167,MN
Winona,27169,MN
Wright,27171,MN
Yellow Medicine,27173,MN
Adams,28001,MS
Alcorn,28003,MS
Amite,28005,MS
Attala,28007,MS
Benton,28009,MS
Bolivar,28011,MS
Calhoun,28013,MS
Carroll,28015,MS
Chickasaw,28017,MS
Choctaw,28019,MS
Claiborne,28021,MS
Clarke,28023,MS
Clay,28025,MS
Coahoma,28027,MS
Copiah,28029,MS
Covington,28031,MS
DeSoto,28033,MS
Forrest,28035,MS
Franklin,28037,MS
George,28039,MS
Greene,28041,MS
Grenada,28043,MS
Hancock,28045,MS
Harrison,28047,MS
Hinds,28049,MS
Holmes,28051,MS
Humphreys,28053,MS
Issaquena,28055,MS
Itawamba,28057,MS
Jackson,28059,MS
Jasper,28061,MS
Jefferson,28063,MS
Jefferson Davis,28065,MS
Jones,28067,MS
Kemper,28069,MS
Lafayette,28071,MS
Lamar,28073,MS
Lauderdale,28075,MS
Lawrence,28077,MS
Leake,28079,MS
Lee,28081,MS
Leflore,28083,MS
Lincoln,28085,MS
Lowndes,28087,MS
Madison,28089,MS
Marion,28091,MS
Marshall,28093,MS
Monroe,28095,MS
Montgomery,28097,MS
Neshoba,28099,MS
Newton,28101,MS
Noxubee,28103,MS
Oktibbeha,28105,MS
Panola,28107,MS
Pearl River,28109,MS
Perry,28111,MS
Pike,28113,MS
Pontotoc,28115,MS
Prentiss,28117,MS
Quitman,28119,MS
Rankin,28121,MS
Scott,28123,MS
Sharkey,28125,MS
Simpson,28127,MS
Smith,28129,MS
Stone,28131,MS
Sunflower,28133,MS
Tallahatchie,28135,MS
Tate,28137,MS
Tippah,28139,MS
Tishomingo,28141,MS
Tunica,28143,MS
Union,28145,MS
Walthall,28147,MS
Warren,28149,MS
Washington,28151,MS
Wayne,28153,MS
Webster,28155,MS
Wilkinson,28157,MS
Winston,28159,MS
Yalobusha,28161,MS
Yazoo,28163,MS
Adair,29001,MO
Andrew,29003,MO
Atchison,29005,MO
Audrain,29007,MO
Barry,29009,MO
Barton,29011,MO
Bates,29013,MO
Benton,29015,MO
Bollinger,29017,MO
Boone,29019,MO
Buchanan,29021,MO
Butler,29023,MO
Caldwell,29025,MO
Callaway,29027,MO
Camden,29029,MO
Cape Girardeau,29031,MO
Carroll,29033,MO
Carter,29035,MO
Cass,29037,MO
Cedar,29039,MO
Chariton,29041,MO
Christian,29043,MO
Clark,29045,MO
Clay,29047,MO
Clinton,29049,MO
Cole,29051,MO
Cooper,29053,MO
Crawford,29055,MO
Dade,29057,MO
Dallas,29059,MO
Daviess,29061,MO
DeKalb,29063,MO
Dent,29065,MO
Douglas,29067,MO
Dunklin,29069,MO
Franklin,29071,MO
Gasconade,29073,MO
Gentry,29075,MO
Greene,29077,MO
Grundy,29079,MO
Harrison,29081,MO
Henry,29083,MO
Hickory,29085,MO
Holt,29087,MO
Howard,29089,MO
Howell,29091,MO
Iron,29093,MO
Jackson,29095,MO
Jasper,29097,MO
Jefferson,29099,MO
Johnson,29101,MO
Knox,29103,MO
Laclede,29105,MO
Lafayette,29107,MO
Lawrence,29109,MO
Lewis,29111,MO
Lincoln,29113,MO
Linn,29115,MO
Livingston,29117,MO
McDonald,29119,MO
Macon,29121,MO
Madison,29123,MO
Maries,29125,MO
Marion,29127,MO
Mercer,29129,MO
Miller,29131,MO
Mississippi,29133,MO
Moniteau,29135,MO
Monroe,29137,MO
Montgomery,29139,MO
Morgan,29141,MO
New Madrid,29143,MO
Newton,29145,MO
Nodaway,29147,MO
Oregon,29149,MO
Osage,29151,MO
Ozark,29153,MO
Pemiscot,29155,MO
Perry,29157,MO
Pettis,29159,MO
Phelps,29161,MO
Pike,29163,MO
Platte,29165,MO
Polk,29167,MO
Pulaski,29169,MO
Putnam,29171,MO
Ralls,29173,MO
Randolph,29175,MO
Ray,29177,MO
Reynolds,29179,MO
Ripley,29181,MO
St. Charles,29183,MO
St. Clair,29185,MO
Ste. Genevieve,29186,MO
St. Francois,29187,MO
St. Louis,29189,MO
Saline,29195,MO
Schuyler,29197,MO
Scotland,29199,MO
Scott,29201,MO
Shannon,29203,MO
Shelby,29205,MO
Stoddard,29207,MO
Stone,29209,MO
Sullivan,29211,MO
Taney,29213,MO
Texas,29215,MO
Vernon,29217,MO
Warren,29219,MO
Washington,29221,MO
Wayne,29223,MO
Webster,29225,MO
Worth,29227,MO
Wright,29229,MO
St. Louis city,29510,MO
Beaverhead,30001,MT
Big Horn,30003,MT
Blaine,30005,MT
Broadwater,30007,MT
Carbon,30009,MT
Carter,30011,MT
Cascade,30013,MT
Chouteau,30015,MT
Custer,30017,MT
Daniels,30019,MT
Dawson,30021,MT
Deer Lodge,30023,MT
Fallon,30025,MT
Fergus,30027,MT
Flathead,30029,MT
Gallatin,30031,MT
Garfield,30033,MT
Glacier,30035,MT
Golden Valley,30037,MT
Granite,30039,MT
Hill,30041,MT
Jefferson,30043,MT
Judith Basin,30045,MT
Lake,30047,MT
Lewis and Clark,30049,MT
Liberty,30051,MT
Lincoln,30053,MT
McCone,30055,MT
Madison,30057,MT
Meagher,30059,MT
Mineral,30061,MT
Missoula,30063,MT
Musselshell,30065,MT
Park,30067,MT
Petroleum,30069,MT
Phillips,30071,MT
Pondera,30073,MT
Powder River,30075,MT
Powell,30077,MT
Prairie,30079,MT
Ravalli,30081,MT
Richland,30083,MT
Roosevelt,30085,MT
Rosebud,30087,MT
Sanders,30089,MT
Sheridan,30091,MT
Silver Bow,30093,MT
Stillwater,30095,MT
Sweet Grass,30097,MT
Teton,30099,MT
Toole,30101,MT
Treasure,30103,MT
Valley,30105,MT
Wheatland,30107,MT
Wibaux,30109,MT
Yellowstone,30111,MT
Adams,31001,NE
Antelope,31003,NE
Arthur,31005,NE
Banner,31007,NE
Blaine,31009,NE
Boone,31011,NE
Box Butte,31013,NE
Boyd,31015,NE
Brown,31017,NE
Buffalo,31019,NE
Burt,31021,NE
Butler,31023,NE
Cass,31025,NE
Cedar,31027,NE
Chase,31029,NE
Cherry,31031,NE
Cheyenne,31033,NE
Clay,31035,NE
Colfax,31037,NE
Cuming,31039,NE
Custer,31041,NE
Dakota,31043,NE
Dawes,31045,NE
Dawson,31047,NE
Deuel,31049,NE
Dixon,31051,NE
Dodge,31053,NE
Douglas,31055,NE
Dundy,31057,NE
Fillmore,31059,NE
Franklin,31061,NE
Frontier,31063,NE
Furnas,31065,NE
Gage,31067,NE
Garden,31069,NE
Garfield,31071,NE
Gosper,31073,NE
Grant,31075,NE
Greeley,31077,NE
Hall,31079,NE
Hamilton,31081,NE
Harlan,31083,NE
Hayes,31085,NE
Hitchcock,31087,NE
Holt,31089,NE
Hooker,31091,NE
Howard,31093,NE
Jefferson,31095,NE
Johnson,31097,NE
Kearney,31099,NE
Keith,31101,NE
Keya Paha,31103,NE
Kimball,31105,NE
Knox,31107,NE
Lancaster,31109,NE
Lincoln,31111,NE
Logan,31113,NE
Loup,31115,NE
McPherson,31117,NE
Madison,31119,NE
Merrick,31121,NE
Morrill,31123,NE
Nance,31125,NE
Nemaha,31127,NE
Nuckolls,31129,NE
Otoe,31131,NE
Pawnee,31133,NE
Perkins,31135,NE
Phelps,31137,NE
Pierce,31139,NE
Platte,31141,NE
Polk,31143,NE
Red Willow,31145,NE
Richardson,31147,NE
Rock,31149,NE
Saline,31151,NE
Sarpy,31153,NE
Saunders,31155,NE
Scotts Bluff,31157,NE
Seward,31159,NE
Sheridan,31161,NE
Sherman,31163,NE
Sioux,31165,NE
Stanton,31167,NE
Thayer,31169,NE
Thomas,31171,NE
Thurston,31173,NE
Valley,31175,NE
Washington,31177,NE
Wayne,31179,NE
Webster,31181,NE
Wheeler,31183,NE
York,31185,NE
Churchill,32001,NV
Clark,32003,NV
Douglas,32005,NV
Elko,32007,NV
Esmeralda,32009,NV
Eureka,32011,NV
Humboldt,32013,NV
Lander,32015,NV
Lincoln,32017,NV
Lyon,32019,NV
Mineral,32021,NV
Nye,32023,NV
Pershing,32027,NV
Storey,32029,NV
Washoe,32031,NV
White Pine,32033,NV
Carson City,32510,NV
Belknap,33001,NH
Carroll,33003,NH
Cheshire,33005,NH
Coos,33007,NH
Grafton,33009,NH
Hillsborough,33011,NH
Merrimack,33013,NH
Rockingham,33015,NH
Strafford,33017,NH
Sullivan,33019,NH
Atlantic,34001,NJ
Bergen,34003,NJ
Burlington,34005,NJ
Camden,34007,NJ
Cape May,34009,NJ
Cumberland,34011,NJ
Essex,34013,NJ
Gloucester,34015,NJ
Hudson,34017,NJ
Hunterdon,34019,NJ
Mercer,34021,NJ
Middlesex,34023,NJ
Monmouth,34025,NJ
Morris,34027,NJ
Ocean,34029,NJ
Passaic,34031,NJ
Salem,34033,NJ
Somerset,34035,NJ
Sussex,34037,NJ
Union,34039,NJ
Warren,34041,NJ
Bernalillo,35001,NM
Catron,35003,NM
Chaves,35005,NM
Cibola,35006,NM
Colfax,35007,NM
Curry,35009,NM
De Baca,35011,NM
Do�a Ana,35013,NM
Eddy,35015,NM
Grant,35017,NM
Guadalupe,35019,NM
Harding,35021,NM
Hidalgo,35023,NM
Lea,35025,NM
Lincoln,35027,NM
Los Alamos,35028,NM
Luna,35029,NM
McKinley,35031,NM
Mora,35033,NM
Otero,35035,NM
Quay,35037,NM
Rio Arriba,35039,NM
Roosevelt,35041,NM
Sandoval,35043,NM
San Juan,35045,NM
San Miguel,35047,NM
Santa Fe,35049,NM
Sierra,35051,NM
Socorro,35053,NM
Taos,35055,NM
Torrance,35057,NM
Union,35059,NM
Valencia,35061,NM
Albany,36001,NY
Allegany,36003,NY
Bronx,36005,NY
Broome,36007,NY
Cattaraugus,36009,NY
Cayuga,36011,NY
Chautauqua,36013,NY
Chemung,36015,NY
Chenango,36017,NY
Clinton,36019,NY
Columbia,36021,NY
Cortland,36023,NY
Delaware,36025,NY
Dutchess,36027,NY
Erie,36029,NY
Essex,36031,NY
Franklin,36033,NY
Fulton,36035,NY
Genesee,36037,NY
Greene,36039,NY
Hamilton,36041,NY
Herkimer,36043,NY
Jefferson,36045,NY
Kings,36047,NY
Lewis,36049,NY
Livingston,36051,NY
Madison,36053,NY
Monroe,36055,NY
Montgomery,36057,NY
Nassau,36059,NY
New York,36061,NY
Niagara,36063,NY
Oneida,36065,NY
Onondaga,36067,NY
Ontario,36069,NY
Orange,36071,NY
Orleans,36073,NY
Oswego,36075,NY
Otsego,36077,NY
Putnam,36079,NY
Queens,36081,NY
Rensselaer,36083,NY
Richmond,36085,NY
Rockland,36087,NY
St. Lawrence,36089,NY
Saratoga,36091,NY
Schenectady,36093,NY
Schoharie,36095,NY
Schuyler,36097,NY
Seneca,36099,NY
Steuben,36101,NY
Suffolk,36103,NY
Sullivan,36105,NY
Tioga,36107,NY
Tompkins,36109,NY
Ulster,36111,NY
Warren,36113,NY
Washington,36115,NY
Wayne,36117,NY
Westchester,36119,NY
Wyoming,36121,NY
Yates,36123,NY
Alamance,37001,NC
Alexander,37003,NC
Alleghany,37005,NC
Anson,37007,NC
Ashe,37009,NC
Avery,37011,NC
Beaufort,37013,NC
Bertie,37015,NC
Bladen,37017,NC
Brunswick,37019,NC
Buncombe,37021,NC
Burke,37023,NC
Cabarrus,37025,NC
Caldwell,37027,NC
Camden,37029,NC
Carteret,37031,NC
Caswell,37033,NC
Catawba,37035,NC
Chatham,37037,NC
Cherokee,37039,NC
Chowan,37041,NC
Clay,37043,NC
Cleveland,37045,NC
Columbus,37047,NC
Craven,37049,NC
Cumberland,37051,NC
Currituck,37053,NC
Dare,37055,NC
Davidson,37057,NC
Davie,37059,NC
Duplin,37061,NC
Durham,37063,NC
Edgecombe,37065,NC
Forsyth,37067,NC
Franklin,37069,NC
Gaston,37071,NC
Gates,37073,NC
Graham,37075,NC
Granville,37077,NC
Greene,37079,NC
Guilford,37081,NC
Halifax,37083,NC
Harnett,37085,NC
Haywood,37087,NC
Henderson,37089,NC
Hertford,37091,NC
Hoke,37093,NC
Hyde,37095,NC
Iredell,37097,NC
Jackson,37099,NC
Johnston,37101,NC
Jones,37103,NC
Lee,37105,NC
Lenoir,37107,NC
Lincoln,37109,NC
McDowell,37111,NC
Macon,37113,NC
Madison,37115,NC
Martin,37117,NC
Mecklenburg,37119,NC
Mitchell,37121,NC
Montgomery,37123,NC
Moore,37125,NC
Nash,37127,NC
New Hanover,37129,NC
Northampton,37131,NC
Onslow,37133,NC
Orange,37135,NC
Pamlico,37137,NC
Pasquotank,37139,NC
Pender,37141,NC
Perquimans,37143,NC
Person,37145,NC
Pitt,37147,NC
Polk,37149,NC
Randolph,37151,NC
Richmond,37153,NC
Robeson,37155,NC
Rockingham,37157,NC
Rowan,37159,NC
Rutherford,37161,NC
Sampson,37163,NC
Scotland,37165,NC
Stanly,37167,NC
Stokes,37169,NC
Surry,37171,NC
Swain,37173,NC
Transylvania,37175,NC
Tyrrell,37177,NC
Union,37179,NC
Vance,37181,NC
Wake,37183,NC
Warren,37185,NC
Washington,37187,NC
Watauga,37189,NC
Wayne,37191,NC
Wilkes,37193,NC
Wilson,37195,NC
Yadkin,37197,NC
Yancey,37199,NC
Adams,38001,ND
Barnes,38003,ND
Benson,38005,ND
Billings,38007,ND
Bottineau,38009,ND
Bowman,38011,ND
Burke,38013,ND
Burleigh,38015,ND
Cass,38017,ND
Cavalier,38019,ND
Dickey,38021,ND
Divide,38023,ND
Dunn,38025,ND
Eddy,38027,ND
Emmons,38029,ND
Foster,38031,ND
Golden Valley,38033,ND
Grand Forks,38035,ND
Grant,38037,ND
Griggs,38039,ND
Hettinger,38041,ND
Kidder,38043,ND
LaMoure,38045,ND
Logan,38047,ND
McHenry,38049,ND
McIntosh,38051,ND
McKenzie,38053,ND
McLean,38055,ND
Mercer,38057,ND
Morton,38059,ND
Mountrail,38061,ND
Nelson,38063,ND
Oliver,38065,ND
Pembina,38067,ND
Pierce,38069,ND
Ramsey,38071,ND
Ransom,38073,ND
Renville,38075,ND
Richland,38077,ND
Rolette,38079,ND
Sargent,38081,ND
Sheridan,38083,ND
Sioux,38085,ND
Slope,38087,ND
Stark,38089,ND
Steele,38091,ND
Stutsman,38093,ND
Towner,38095,ND
Traill,38097,ND
Walsh,38099,ND
Ward,38101,ND
Wells,38103,ND
Williams,38105,ND
Adams,39001,OH
Allen,39003,OH
Ashland,39005,OH
Ashtabula,39007,OH
Athens,39009,OH
Auglaize,39011,OH
Belmont,39013,OH
Brown,39015,OH
Butler,39017,OH
Carroll,39019,OH
Champaign,39021,OH
Clark,39023,OH
Clermont,39025,OH
Clinton,39027,OH
Columbiana,39029,OH
Coshocton,39031,OH
Crawford,39033,OH
Cuyahoga,39035,OH
Darke,39037,OH
Defiance,39039,OH
Delaware,39041,OH
Erie,39043,OH
Fairfield,39045,OH
Fayette,39047,OH
Franklin,39049,OH
Fulton,39051,OH
Gallia,39053,OH
Geauga,39055,OH
Greene,39057,OH
Guernsey,39059,OH
Hamilton,39061,OH
Hancock,39063,OH
Hardin,39065,OH
Harrison,39067,OH
Henry,39069,OH
Highland,39071,OH
Hocking,39073,OH
Holmes,39075,OH
Huron,39077,OH
Jackson,39079,OH
Jefferson,39081,OH
Knox,39083,OH
Lake,39085,OH
Lawrence,39087,OH
Licking,39089,OH
Logan,39091,OH
Lorain,39093,OH
Lucas,39095,OH
Madison,39097,OH
Mahoning,39099,OH
Marion,39101,OH
Medina,39103,OH
Meigs,39105,OH
Mercer,39107,OH
Miami,39109,OH
Monroe,39111,OH
Montgomery,39113,OH
Morgan,39115,OH
Morrow,39117,OH
Muskingum,39119,OH
Noble,39121,OH
Ottawa,39123,OH
Paulding,39125,OH
Perry,39127,OH
Pickaway,39129,OH
Pike,39131,OH
Portage,39133,OH
Preble,39135,OH
Putnam,39137,OH
Richland,39139,OH
Ross,39141,OH
Sandusky,39143,OH
Scioto,39145,OH
Seneca,39147,OH
Shelby,39149,OH
Stark,39151,OH
Summit,39153,OH
Trumbull,39155,OH
Tuscarawas,39157,OH
Union,39159,OH
Van Wert,39161,OH
Vinton,39163,OH
Warren,39165,OH
Washington,39167,OH
Wayne,39169,OH
Williams,39171,OH
Wood,39173,OH
Wyandot,39175,OH
Adair,40001,OK
Alfalfa,40003,OK
Atoka,40005,OK
Beaver,40007,OK
Beckham,40009,OK
Blaine,40011,OK
Bryan,40013,OK
Caddo,40015,OK
Canadian,40017,OK
Carter,40019,OK
Cherokee,40021,OK
Choctaw,40023,OK
Cimarron,40025,OK
Cleveland,40027,OK
Coal,40029,OK
Comanche,40031,OK
Cotton,40033,OK
Craig,40035,OK
Creek,40037,OK
Custer,40039,OK
Delaware,40041,OK
Dewey,40043,OK
Ellis,40045,OK
Garfield,40047,OK
Garvin,40049,OK
Grady,40051,OK
Grant,40053,OK
Greer,40055,OK
Harmon,40057,OK
Harper,40059,OK
Haskell,40061,OK
Hughes,40063,OK
Jackson,40065,OK
Jefferson,40067,OK
Johnston,40069,OK
Kay,40071,OK
Kingfisher,40073,OK
Kiowa,40075,OK
Latimer,40077,OK
Le Flore,40079,OK
Lincoln,40081,OK
Logan,40083,OK
Love,40085,OK
McClain,40087,OK
McCurtain,40089,OK
McIntosh,40091,OK
Major,40093,OK
Marshall,40095,OK
Mayes,40097,OK
Murray,40099,OK
Muskogee,40101,OK
Noble,40103,OK
Nowata,40105,OK
Okfuskee,40107,OK
Oklahoma,40109,OK
Okmulgee,40111,OK
Osage,40113,OK
Ottawa,40115,OK
Pawnee,40117,OK
Payne,40119,OK
Pittsburg,40121,OK
Pontotoc,40123,OK
Pottawatomie,40125,OK
Pushmataha,40127,OK
Roger Mills,40129,OK
Rogers,40131,OK
Seminole,40133,OK
Sequoyah,40135,OK
Stephens,40137,OK
Texas,40139,OK
Tillman,40141,OK
Tulsa,40143,OK
Wagoner,40145,OK
Washington,40147,OK
Washita,40149,OK
Woods,40151,OK
Woodward,40153,OK
Baker,41001,OR
Benton,41003,OR
Clackamas,41005,OR
Clatsop,41007,OR
Columbia,41009,OR
Coos,41011,OR
Crook,41013,OR
Curry,41015,OR
Deschutes,41017,OR
Douglas,41019,OR
Gilliam,41021,OR
Grant,41023,OR
Harney,41025,OR
Hood River,41027,OR
Jackson,41029,OR
Jefferson,41031,OR
Josephine,41033,OR
Klamath,41035,OR
Lake,41037,OR
Lane,41039,OR
Lincoln,41041,OR
Linn,41043,OR
Malheur,41045,OR
Marion,41047,OR
Morrow,41049,OR
Multnomah,41051,OR
Polk,41053,OR
Sherman,41055,OR
Tillamook,41057,OR
Umatilla,41059,OR
Union,41061,OR
Wallowa,41063,OR
Wasco,41065,OR
Washington,41067,OR
Wheeler,41069,OR
Yamhill,41071,OR
Adams,42001,PA
Allegheny,42003,PA
Armstrong,42005,PA
Beaver,42007,PA
Bedford,42009,PA
Berks,42011,PA
Blair,42013,PA
Bradford,42015,PA
Bucks,42017,PA
Butler,42019,PA
Cambria,42021,PA
Cameron,42023,PA
Carbon,42025,PA
Centre,42027,PA
Chester,42029,PA
Clarion,42031,PA
Clearfield,42033,PA
Clinton,42035,PA
Columbia,42037,PA
Crawford,42039,PA
Cumberland,42041,PA
Dauphin,42043,PA
Delaware,42045,PA
Elk,42047,PA
Erie,42049,PA
Fayette,42051,PA
Forest,42053,PA
Franklin,42055,PA
Fulton,42057,PA
Greene,42059,PA
Huntingdon,42061,PA
Indiana,42063,PA
Jefferson,42065,PA
Juniata,42067,PA
Lackawanna,42069,PA
Lancaster,42071,PA
Lawrence,42073,PA
Lebanon,42075,PA
Lehigh,42077,PA
Luzerne,42079,PA
Lycoming,42081,PA
McKean,42083,PA
Mercer,42085,PA
Mifflin,42087,PA
Monroe,42089,PA
Montgomery,42091,PA
Montour,42093,PA
Northampton,42095,PA
Northumberland,42097,PA
Perry,42099,PA
Philadelphia,42101,PA
Pike,42103,PA
Potter,42105,PA
Schuylkill,42107,PA
Snyder,42109,PA
Somerset,42111,PA
Sullivan,42113,PA
Susquehanna,42115,PA
Tioga,42117,PA
Union,42119,PA
Venango,42121,PA
Warren,42123,PA
Washington,42125,PA
Wayne,42127,PA
Westmoreland,42129,PA
Wyoming,42131,PA
York,42133,PA
Bristol,44001,RI
Kent,44003,RI
Newport,44005,RI
Providence,44007,RI
Washington,44009,RI
Abbeville,45001,SC
Aiken,45003,SC
Allendale,45005,SC
Anderson,45007,SC
Bamberg,45009,SC
Barnwell,45011,SC
Beaufort,45013,SC
Berkeley,45015,SC
Calhoun,45017,SC
Charleston,45019,SC
Cherokee,45021,SC
Chester,45023,SC
Chesterfield,45025,SC
Clarendon,45027,SC
Colleton,45029,SC
Darlington,45031,SC
Dillon,45033,SC
Dorchester,45035,SC
Edgefield,45037,SC
Fairfield,45039,SC
Florence,45041,SC
Georgetown,45043,SC
Greenville,45045,SC
Greenwood,45047,SC
Hampton,45049,SC
Horry,45051,SC
Jasper,45053,SC
Kershaw,45055,SC
Lancaster,45057,SC
Laurens,45059,SC
Lee,45061,SC
Lexington,45063,SC
McCormick,45065,SC
Marion,45067,SC
Marlboro,45069,SC
Newberry,45071,SC
Oconee,45073,SC
Orangeburg,45075,SC
Pickens,45077,SC
Richland,45079,SC
Saluda,45081,SC
Spartanburg,45083,SC
Sumter,45085,SC
Union,45087,SC
Williamsburg,45089,SC
York,45091,SC
Aurora,46003,SD
Beadle,46005,SD
Bennett,46007,SD
Bon Homme,46009,SD
Brookings,46011,SD
Brown,46013,SD
Brule,46015,SD
Buffalo,46017,SD
Butte,46019,SD
Campbell,46021,SD
Charles Mix,46023,SD
Clark,46025,SD
Clay,46027,SD
Codington,46029,SD
Corson,46031,SD
Custer,46033,SD
Davison,46035,SD
Day,46037,SD
Deuel,46039,SD
Dewey,46041,SD
Douglas,46043,SD
Edmunds,46045,SD
Fall River,46047,SD
Faulk,46049,SD
Grant,46051,SD
Gregory,46053,SD
Haakon,46055,SD
Hamlin,46057,SD
Hand,46059,SD
Hanson,46061,SD
Harding,46063,SD
Hughes,46065,SD
Hutchinson,46067,SD
Hyde,46069,SD
Jackson,46071,SD
Jerauld,46073,SD
Jones,46075,SD
Kingsbury,46077,SD
Lake,46079,SD
Lawrence,46081,SD
Lincoln,46083,SD
Lyman,46085,SD
McCook,46087,SD
McPherson,46089,SD
Marshall,46091,SD
Meade,46093,SD
Mellette,46095,SD
Miner,46097,SD
Minnehaha,46099,SD
Moody,46101,SD
Pennington,46103,SD
Perkins,46105,SD
Potter,46107,SD
Roberts,46109,SD
Sanborn,46111,SD
Shannon,46113,SD
Spink,46115,SD
Stanley,46117,SD
Sully,46119,SD
Todd,46121,SD
Tripp,46123,SD
Turner,46125,SD
Union,46127,SD
Walworth,46129,SD
Yankton,46135,SD
Ziebach,46137,SD
Anderson,47001,TN
Bedford,47003,TN
Benton,47005,TN
Bledsoe,47007,TN
Blount,47009,TN
Bradley,47011,TN
Campbell,47013,TN
Cannon,47015,TN
Carroll,47017,TN
Carter,47019,TN
Cheatham,47021,TN
Chester,47023,TN
Claiborne,47025,TN
Clay,47027,TN
Cocke,47029,TN
Coffee,47031,TN
Crockett,47033,TN
Cumberland,47035,TN
Davidson,47037,TN
Decatur,47039,TN
DeKalb,47041,TN
Dickson,47043,TN
Dyer,47045,TN
Fayette,47047,TN
Fentress,47049,TN
Franklin,47051,TN
Gibson,47053,TN
Giles,47055,TN
Grainger,47057,TN
Greene,47059,TN
Grundy,47061,TN
Hamblen,47063,TN
Hamilton,47065,TN
Hancock,47067,TN
Hardeman,47069,TN
Hardin,47071,TN
Hawkins,47073,TN
Haywood,47075,TN
Henderson,47077,TN
Henry,47079,TN
Hickman,47081,TN
Houston,47083,TN
Humphreys,47085,TN
Jackson,47087,TN
Jefferson,47089,TN
Johnson,47091,TN
Knox,47093,TN
Lake,47095,TN
Lauderdale,47097,TN
Lawrence,47099,TN
Lewis,47101,TN
Lincoln,47103,TN
Loudon,47105,TN
McMinn,47107,TN
McNairy,47109,TN
Macon,47111,TN
Madison,47113,TN
Marion,47115,TN
Marshall,47117,TN
Maury,47119,TN
Meigs,47121,TN
Monroe,47123,TN
Montgomery,47125,TN
Moore,47127,TN
Morgan,47129,TN
Obion,47131,TN
Overton,47133,TN
Perry,47135,TN
Pickett,47137,TN
Polk,47139,TN
Putnam,47141,TN
Rhea,47143,TN
Roane,47145,TN
Robertson,47147,TN
Rutherford,47149,TN
Scott,47151,TN
Sequatchie,47153,TN
Sevier,47155,TN
Shelby,47157,TN
Smith,47159,TN
Stewart,47161,TN
Sullivan,47163,TN
Sumner,47165,TN
Tipton,47167,TN
Trousdale,47169,TN
Unicoi,47171,TN
Union,47173,TN
Van Buren,47175,TN
Warren,47177,TN
Washington,47179,TN
Wayne,47181,TN
Weakley,47183,TN
White,47185,TN
Williamson,47187,TN
Wilson,47189,TN
Anderson,48001,TX
Andrews,48003,TX
Angelina,48005,TX
Aransas,48007,TX
Archer,48009,TX
Armstrong,48011,TX
Atascosa,48013,TX
Austin,48015,TX
Bailey,48017,TX
Bandera,48019,TX
Bastrop,48021,TX
Baylor,48023,TX
Bee,48025,TX
Bell,48027,TX
Bexar,48029,TX
Blanco,48031,TX
Borden,48033,TX
Bosque,48035,TX
Bowie,48037,TX
Brazoria,48039,TX
Brazos,48041,TX
Brewster,48043,TX
Briscoe,48045,TX
Brooks,48047,TX
Brown,48049,TX
Burleson,48051,TX
Burnet,48053,TX
Caldwell,48055,TX
Calhoun,48057,TX
Callahan,48059,TX
Cameron,48061,TX
Camp,48063,TX
Carson,48065,TX
Cass,48067,TX
Castro,48069,TX
Chambers,48071,TX
Cherokee,48073,TX
Childress,48075,TX
Clay,48077,TX
Cochran,48079,TX
Coke,48081,TX
Coleman,48083,TX
Collin,48085,TX
Collingsworth,48087,TX
Colorado,48089,TX
Comal,48091,TX
Comanche,48093,TX
Concho,48095,TX
Cooke,48097,TX
Coryell,48099,TX
Cottle,48101,TX
Crane,48103,TX
Crockett,48105,TX
Crosby,48107,TX
Culberson,48109,TX
Dallam,48111,TX
Dallas,48113,TX
Dawson,48115,TX
Deaf Smith,48117,TX
Delta,48119,TX
Denton,48121,TX
DeWitt,48123,TX
Dickens,48125,TX
Dimmit,48127,TX
Donley,48129,TX
Duval,48131,TX
Eastland,48133,TX
Ector,48135,TX
Edwards,48137,TX
Ellis,48139,TX
El Paso,48141,TX
Erath,48143,TX
Falls,48145,TX
Fannin,48147,TX
Fayette,48149,TX
Fisher,48151,TX
Floyd,48153,TX
Foard,48155,TX
Fort Bend,48157,TX
Franklin,48159,TX
Freestone,48161,TX
Frio,48163,TX
Gaines,48165,TX
Galveston,48167,TX
Garza,48169,TX
Gillespie,48171,TX
Glasscock,48173,TX
Goliad,48175,TX
Gonzales,48177,TX
Gray,48179,TX
Grayson,48181,TX
Gregg,48183,TX
Grimes,48185,TX
Guadalupe,48187,TX
Hale,48189,TX
Hall,48191,TX
Hamilton,48193,TX
Hansford,48195,TX
Hardeman,48197,TX
Hardin,48199,TX
Harris,48201,TX
Harrison,48203,TX
Hartley,48205,TX
Haskell,48207,TX
Hays,48209,TX
Hemphill,48211,TX
Henderson,48213,TX
Hidalgo,48215,TX
Hill,48217,TX
Hockley,48219,TX
Hood,48221,TX
Hopkins,48223,TX
Houston,48225,TX
Howard,48227,TX
Hudspeth,48229,TX
Hunt,48231,TX
Hutchinson,48233,TX
Irion,48235,TX
Jack,48237,TX
Jackson,48239,TX
Jasper,48241,TX
Jeff Davis,48243,TX
Jefferson,48245,TX
Jim Hogg,48247,TX
Jim Wells,48249,TX
Johnson,48251,TX
Jones,48253,TX
Karnes,48255,TX
Kaufman,48257,TX
Kendall,48259,TX
Kenedy,48261,TX
Kent,48263,TX
Kerr,48265,TX
Kimble,48267,TX
King,48269,TX
Kinney,48271,TX
Kleberg,48273,TX
Knox,48275,TX
Lamar,48277,TX
Lamb,48279,TX
Lampasas,48281,TX
La Salle,48283,TX
Lavaca,48285,TX
Lee,48287,TX
Leon,48289,TX
Liberty,48291,TX
Limestone,48293,TX
Lipscomb,48295,TX
Live Oak,48297,TX
Llano,48299,TX
Loving,48301,TX
Lubbock,48303,TX
Lynn,48305,TX
McCulloch,48307,TX
McLennan,48309,TX
McMullen,48311,TX
Madison,48313,TX
Marion,48315,TX
Martin,48317,TX
Mason,48319,TX
Matagorda,48321,TX
Maverick,48323,TX
Medina,48325,TX
Menard,48327,TX
Midland,48329,TX
Milam,48331,TX
Mills,48333,TX
Mitchell,48335,TX
Montague,48337,TX
Montgomery,48339,TX
Moore,48341,TX
Morris,48343,TX
Motley,48345,TX
Nacogdoches,48347,TX
Navarro,48349,TX
Newton,48351,TX
Nolan,48353,TX
Nueces,48355,TX
Ochiltree,48357,TX
Oldham,48359,TX
Orange,48361,TX
Palo Pinto,48363,TX
Panola,48365,TX
Parker,48367,TX
Parmer,48369,TX
Pecos,48371,TX
Polk,48373,TX
Potter,48375,TX
Presidio,48377,TX
Rains,48379,TX
Randall,48381,TX
Reagan,48383,TX
Real,48385,TX
Red River,48387,TX
Reeves,48389,TX
Refugio,48391,TX
Roberts,48393,TX
Robertson,48395,TX
Rockwall,48397,TX
Runnels,48399,TX
Rusk,48401,TX
Sabine,48403,TX
San Augustine,48405,TX
San Jacinto,48407,TX
San Patricio,48409,TX
San Saba,48411,TX
Schleicher,48413,TX
Scurry,48415,TX
Shackelford,48417,TX
Shelby,48419,TX
Sherman,48421,TX
Smith,48423,TX
Somervell,48425,TX
Starr,48427,TX
Stephens,48429,TX
Sterling,48431,TX
Stonewall,48433,TX
Sutton,48435,TX
Swisher,48437,TX
Tarrant,48439,TX
Taylor,48441,TX
Terrell,48443,TX
Terry,48445,TX
Throckmorton,48447,TX
Titus,48449,TX
Tom Green,48451,TX
Travis,48453,TX
Trinity,48455,TX
Tyler,48457,TX
Upshur,48459,TX
Upton,48461,TX
Uvalde,48463,TX
Val Verde,48465,TX
Van Zandt,48467,TX
Victoria,48469,TX
Walker,48471,TX
Waller,48473,TX
Ward,48475,TX
Washington,48477,TX
Webb,48479,TX
Wharton,48481,TX
Wheeler,48483,TX
Wichita,48485,TX
Wilbarger,48487,TX
Willacy,48489,TX
Williamson,48491,TX
Wilson,48493,TX
Winkler,48495,TX
Wise,48497,TX
Wood,48499,TX
Yoakum,48501,TX
Young,48503,TX
Zapata,48505,TX
Zavala,48507,TX
Beaver,49001,UT
Box Elder,49003,UT
Cache,49005,UT
Carbon,49007,UT
Daggett,49009,UT
Davis,49011,UT
Duchesne,49013,UT
Emery,49015,UT
Garfield,49017,UT
Grand,49019,UT
Iron,49021,UT
Juab,49023,UT
Kane,49025,UT
Millard,49027,UT
Morgan,49029,UT
Piute,49031,UT
Rich,49033,UT
Salt Lake,49035,UT
San Juan,49037,UT
Sanpete,49039,UT
Sevier,49041,UT
Summit,49043,UT
Tooele,49045,UT
Uintah,49047,UT
Utah,49049,UT
Wasatch,49051,UT
Washington,49053,UT
Wayne,49055,UT
Weber,49057,UT
Addison,50001,VT
Bennington,50003,VT
Caledonia,50005,VT
Chittenden,50007,VT
Essex,50009,VT
Franklin,50011,VT
Grand Isle,50013,VT
Lamoille,50015,VT
Orange,50017,VT
Orleans,50019,VT
Rutland,50021,VT
Washington,50023,VT
Windham,50025,VT
Windsor,50027,VT
Accomack,51001,VA
Albemarle,51003,VA
Alleghany,51005,VA
Amelia,51007,VA
Amherst,51009,VA
Appomattox,51011,VA
Arlington,51013,VA
Augusta,51015,VA
Bath,51017,VA
Bedford,51019,VA
Bland,51021,VA
Botetourt,51023,VA
Brunswick,51025,VA
Buchanan,51027,VA
Buckingham,51029,VA
Campbell,51031,VA
Caroline,51033,VA
Carroll,51035,VA
Charles City,51036,VA
Charlotte,51037,VA
Chesterfield,51041,VA
Clarke,51043,VA
Craig,51045,VA
Culpeper,51047,VA
Cumberland,51049,VA
Dickenson,51051,VA
Dinwiddie,51053,VA
Essex,51057,VA
Fairfax,51059,VA
Fauquier,51061,VA
Floyd,51063,VA
Fluvanna,51065,VA
Franklin,51067,VA
Frederick,51069,VA
Giles,51071,VA
Gloucester,51073,VA
Goochland,51075,VA
Grayson,51077,VA
Greene,51079,VA
Greensville,51081,VA
Halifax,51083,VA
Hanover,51085,VA
Henrico,51087,VA
Henry,51089,VA
Highland,51091,VA
Isle of Wight,51093,VA
James City,51095,VA
King and Queen,51097,VA
King George,51099,VA
King William,51101,VA
Lancaster,51103,VA
Lee,51105,VA
Loudoun,51107,VA
Louisa,51109,VA
Lunenburg,51111,VA
Madison,51113,VA
Mathews,51115,VA
Mecklenburg,51117,VA
Middlesex,51119,VA
Montgomery,51121,VA
Nelson,51125,VA
New Kent,51127,VA
Northampton,51131,VA
Northumberland,51133,VA
Nottoway,51135,VA
Orange,51137,VA
Page,51139,VA
Patrick,51141,VA
Pittsylvania,51143,VA
Powhatan,51145,VA
Prince Edward,51147,VA
Prince George,51149,VA
Prince William,51153,VA
Pulaski,51155,VA
Rappahannock,51157,VA
Richmond,51159,VA
Roanoke,51161,VA
Rockbridge,51163,VA
Rockingham,51165,VA
Russell,51167,VA
Scott,51169,VA
Shenandoah,51171,VA
Smyth,51173,VA
Southampton,51175,VA
Spotsylvania,51177,VA
Stafford,51179,VA
Surry,51181,VA
Sussex,51183,VA
Tazewell,51185,VA
Warren,51187,VA
Washington,51191,VA
Westmoreland,51193,VA
Wise,51195,VA
Wythe,51197,VA
York,51199,VA
Alexandria city,51510,VA
Bedford city,51515,VA
Bristol city,51520,VA
Buena Vista city,51530,VA
Charlottesville city,51540,VA
Chesapeake city,51550,VA
Colonial Heights city,51570,VA
Covington city,51580,VA
Danville city,51590,VA
Emporia city,51595,VA
Fairfax city,51600,VA
Falls Church city,51610,VA
Franklin city,51620,VA
Fredericksburg city,51630,VA
Galax city,51640,VA
Hampton city,51650,VA
Harrisonburg city,51660,VA
Hopewell city,51670,VA
Lexington city,51678,VA
Lynchburg city,51680,VA
Manassas city,51683,VA
Manassas Park city,51685,VA
Martinsville city,51690,VA
Newport News city,51700,VA
Norfolk city,51710,VA
Norton city,51720,VA
Petersburg city,51730,VA
Poquoson city,51735,VA
Portsmouth city,51740,VA
Radford city,51750,VA
Richmond city,51760,VA
Roanoke city,51770,VA
Salem city,51775,VA
Staunton city,51790,VA
Suffolk city,51800,VA
Virginia Beach city,51810,VA
Waynesboro city,51820,VA
Williamsburg city,51830,VA
Winchester city,51840,VA
Adams,53001,WA
Asotin,53003,WA
Benton,53005,WA
Chelan,53007,WA
Clallam,53009,WA
Clark,53011,WA
Columbia,53013,WA
Cowlitz,53015,WA
Douglas,53017,WA
Ferry,53019,WA
Franklin,53021,WA
Garfield,53023,WA
Grant,53025,WA
Grays Harbor,53027,WA
Island,53029,WA
Jefferson,53031,WA
King,53033,WA
Kitsap,53035,WA
Kittitas,53037,WA
Klickitat,53039,WA
Lewis,53041,WA
Lincoln,53043,WA
Mason,53045,WA
Okanogan,53047,WA
Pacific,53049,WA
Pend Oreille,53051,WA
Pierce,53053,WA
San Juan,53055,WA
Skagit,53057,WA
Skamania,53059,WA
Snohomish,53061,WA
Spokane,53063,WA
Stevens,53065,WA
Thurston,53067,WA
Wahkiakum,53069,WA
Walla Walla,53071,WA
Whatcom,53073,WA
Whitman,53075,WA
Yakima,53077,WA
Barbour,54001,WV
Berkeley,54003,WV
Boone,54005,WV
Braxton,54007,WV
Brooke,54009,WV
Cabell,54011,WV
Calhoun,54013,WV
Clay,54015,WV
Doddridge,54017,WV
Fayette,54019,WV
Gilmer,54021,WV
Grant,54023,WV
Greenbrier,54025,WV
Hampshire,54027,WV
Hancock,54029,WV
Hardy,54031,WV
Harrison,54033,WV
Jackson,54035,WV
Jefferson,54037,WV
Kanawha,54039,WV
Lewis,54041,WV
Lincoln,54043,WV
Logan,54045,WV
McDowell,54047,WV
Marion,54049,WV
Marshall,54051,WV
Mason,54053,WV
Mercer,54055,WV
Mineral,54057,WV
Mingo,54059,WV
Monongalia,54061,WV
Monroe,54063,WV
Morgan,54065,WV
Nicholas,54067,WV
Ohio,54069,WV
Pendleton,54071,WV
Pleasants,54073,WV
Pocahontas,54075,WV
Preston,54077,WV
Putnam,54079,WV
Raleigh,54081,WV
Randolph,54083,WV
Ritchie,54085,WV
Roane,54087,WV
Summers,54089,WV
Taylor,54091,WV
Tucker,54093,WV
Tyler,54095,WV
Upshur,54097,WV
Wayne,54099,WV
Webster,54101,WV
Wetzel,54103,WV
Wirt,54105,WV
Wood,54107,WV
Wyoming,54109,WV
Adams,55001,WI
Ashland,55003,WI
Barron,55005,WI
Bayfield,55007,WI
Brown,55009,WI
Buffalo,55011,WI
Burnett,55013,WI
Calumet,55015,WI
Chippewa,55017,WI
Clark,55019,WI
Columbia,55021,WI
Crawford,55023,WI
Dane,55025,WI
Dodge,55027,WI
Door,55029,WI
Douglas,55031,WI
Dunn,55033,WI
Eau Claire,55035,WI
Florence,55037,WI
Fond du Lac,55039,WI
Forest,55041,WI
Grant,55043,WI
Green,55045,WI
Green Lake,55047,WI
Iowa,55049,WI
Iron,55051,WI
Jackson,55053,WI
Jefferson,55055,WI
Juneau,55057,WI
Kenosha,55059,WI
Kewaunee,55061,WI
La Crosse,55063,WI
Lafayette,55065,WI
Langlade,55067,WI
Lincoln,55069,WI
Manitowoc,55071,WI
Marathon,55073,WI
Marinette,55075,WI
Marquette,55077,WI
Menominee,55078,WI
Milwaukee,55079,WI
Monroe,55081,WI
Oconto,55083,WI
Oneida,55085,WI
Outagamie,55087,WI
Ozaukee,55089,WI
Pepin,55091,WI
Pierce,55093,WI
Polk,55095,WI
Portage,55097,WI
Price,55099,WI
Racine,55101,WI
Richland,55103,WI
Rock,55105,WI
Rusk,55107,WI
St. Croix,55109,WI
Sauk,55111,WI
Sawyer,55113,WI
Shawano,55115,WI
Sheboygan,55117,WI
Taylor,55119,WI
Trempealeau,55121,WI
Vernon,55123,WI
Vilas,55125,WI
Walworth,55127,WI
Washburn,55129,WI
Washington,55131,WI
Waukesha,55133,WI
Waupaca,55135,WI
Waushara,55137,WI
Winnebago,55139,WI
Wood,55141,WI
Albany,56001,WY
Big Horn,56003,WY
Campbell,56005,WY
Carbon,56007,WY
Converse,56009,WY
Crook,56011,WY
Fremont,56013,WY
Goshen,56015,WY
Hot Springs,56017,WY
Johnson,56019,WY
Laramie,56021,WY
Lincoln,56023,WY
Natrona,56025,WY
Niobrara,56027,WY
Park,56029,WY
Platte,56031,WY
Sheridan,56033,WY
Sublette,56035,WY
Sweetwater,56037,WY
Teton,56039,WY
Uinta,56041,WY
Washakie,56043,WY
Weston,56045,WY
